Mohit Hosiery (Production),,,,,,,,,,,,,,,,,,,,
Fabric JW Status,,,,,,,,,,,,,,,,,,,,
Report Date: 21/Jan/25 - 6:03:53 PM,,,,,,,,,,,,,,,,,,,,
Party,Item Name,Lot No,Issue No,Issue Date,Issue Shade,Rect Shade,Remarks,Op Qty,Issue Qty,Receipt Qty,Shortage,Short Per,Balance,Op Rolls,Issue Rolls,Rect Rolls,Grey Rolls,Balance Rolls,Std Short Per,Std Shortage
ARORA BROTHER CREATIONS,SHIRT,76038,1205,17-Apr-26,GREY,,,651.00,,,,,651.00,6,,,,6,,
AVON COTTEX,KORA TAPE,MH-4335,1187,27-Mar-26,NAVY,,,28.20,,,,,28.20,2,,,,2,,
AVON COTTEX,KORA TAPE,MH-4337,1187,27-Mar-26,WHITE,,,29.00,,,,,29.00,2,,,,2,,
AVON COTTEX,KORA TAPE,MH-4344,1187,27-Mar-26,ROYAL,,,8.30,,,,,8.30,1,,,,1,,
AVON COTTEX,KORA TAPE,MH-4347,1187,27-Mar-26,BLACK,,,42.65,,,,,42.65,5,,,,5,,
AVON COTTEX,FABRIC MH LYCRA MATTY,MH-4373,1200,10-Apr-26,OLIVE,,,500.80,,,,,500.80,20,,,,20,,
AVON COTTEX,FABRIC MH LYCRA SINKER,MH-4230,1164,6-Mar-26,BLUE,,,507.60,,,,,507.60,20,,,,20,,
AVON COTTEX,KORA TAPE,MH-4331,1187,27-Mar-26,BLACK,,,14.10,,,,,14.10,1,,,,1,,
AVON COTTEX,KORA COLLAR,MH-4338,1187,27-Mar-26,NAVY,,,18.40,,,,,18.40,1,,,,1,,
AVON COTTEX,KORA TAPE,MH-4343,1187,27-Mar-26,WHITE,,,8.45,,,,,8.45,2,,,,2,,
AVON COTTEX,KORA COLLAR,MH-4346,1187,27-Mar-26,CREAM,,,10.65,,,,,10.65,3,,,,3,,
AVON COTTEX,KORA TAPE,MH-4348,1187,27-Mar-26,NAVY,,,25.20,,,,,25.20,3,,,,3,,
AVON COTTEX,FABRIC MH PLAIN PIQUE NON-LYCRA,MH-1393,511,27-Nov-23,D NAVY,D NAVY,MERCERISE 20645,22.75,,,,,22.75,1,,,,1,,
AVON COTTEX,COLLAR,MH-4375,1211,22-Apr-26,CK TONE,,,37.10,,,,,37.10,2,,,,2,,
AVON COTTEX,RIB 1/1,MH-4232,1164,6-Mar-26,NAVY,,,25.65,,,,,25.65,1,,,,1,,
AVON COTTEX,KORA COLLAR,MH-4328,1187,27-Mar-26,OFF WHITE,,,33.95,,,,,33.95,4,,,,4,,
AVON COTTEX,KORA COLLAR,MH-4329,1187,27-Mar-26,RED,,,17,,,,,17,1,,,,1,,
AVON COTTEX,KORA COLLAR,MH-4332,1187,27-Mar-26,KHAKHI,,,34.00,,,,,34.00,4,,,,4,,
AVON COTTEX,KORA TAPE,MH-4342,1187,27-Mar-26,RED,,,45.25,,,,,45.25,6,,,,6,,
AVON COTTEX,COLLAR,MH-1396,562,10-Jan-24,,,,48.05,,,,,48.05,4,,,,4,,
AVON COTTEX,TAPE,MH-1396,562,10-Jan-24,,,,36.50,,,,,36.50,4,,,,4,,
AVON COTTEX,FABRIC 50S CTN INTERLOCK,259354C,1034,29-Oct-25,GREY,GREY,,12.20,,,,,12.20,,,,,,,
AVON COTTEX,FABRIC MH LYCRA SINKER,MH-4318,1171,12-Mar-26,RUST,,,522.50,,,,,522.50,20,,,,20,,
AVON COTTEX,RIB 1/1,MH-4318,1171,12-Mar-26,RUST,,,25.75,,,,,25.75,1,,,,1,,
AVON COTTEX,KORA COLLAR,MH-4347,1187,27-Mar-26,BLACK,,,55.55,,,,,55.55,8,,,,8,,
AVON COTTEX,FABRIC MH LYCRA SINKER,MH-INK,844,17-Jan-25,NEON YELLOW,,,142.10,,,,,142.10,11,,,,11,,
AVON COTTEX,COLLAR,MH-3872,1042,5-Nov-25,AIR FORCE,,,48.70,,,,,48.70,3,,,,3,,
AVON COTTEX,COLLAR,MH-3853,1037,1-Nov-25,RFD,RFD,,10.75,,,,,10.75,1,,,,1,,
AVON COTTEX,TAPE,MH-4375,1211,22-Apr-26,CK TONE,,,25.65,,,,,25.65,2,,,,2,,
AVON COTTEX,KORA TAPE,MH-4327,1187,27-Mar-26,OFF WHITE,,,28.15,,,,,28.15,2,,,,2,,
AVON COTTEX,KORA COLLAR,MH-4331,1187,27-Mar-26,BLACK,,,16.30,,,,,16.30,2,,,,2,,
AVON COTTEX,KORA TAPE,MH-4333,1187,27-Mar-26,WHITE,,,28.45,,,,,28.45,4,,,,4,,
AVON COTTEX,KORA TAPE,MH-4341,1187,27-Mar-26,ROYAL,,,15.05,,,,,15.05,2,,,,2,,
AVON COTTEX,KORA COLLAR,MH-4342,1187,27-Mar-26,RED,,,52.70,,,,,52.70,7,,,,7,,
AVON COTTEX,KORA COLLAR,MH-4344,1187,27-Mar-26,ROYAL,,,10.65,,,,,10.65,4,,,,4,,
AVON COTTEX,KORA COLLAR,MH-4348,1187,27-Mar-26,NAVY,,,31.1,,,,,31.1,5,,,,5,,
AVON COTTEX,KORA COLLAR,MH-4349,1187,27-Mar-26,BLACK,,,32.15,,,,,32.15,5,,,,5,,
AVON COTTEX,KORA MH DOUBLE PK NON LYCRA,MH-4326,1180,20-Mar-26,,,,415.10,,,,,415.10,16,,,,16,,
AVON COTTEX,FABRIC 50S CTN INTERLOCK,259354,1034,29-Oct-25,OFF WHITE,SKY,,50.20,,,,,50.20,2,,,,2,,
AVON COTTEX,FABRIC MH LYCRA SINKER GOLD FINISH,MH-3996,1077,5-Dec-25,BLACK,,,292.15,,,,,292.15,12,,,,12,,
AVON COTTEX,KORA COLLAR,MH-4182,1132,5-Feb-26,WHITE,,,51.70,,,,,51.70,4,,,,4,,
AVON COTTEX,KORA COLLAR,MH-4333,1187,27-Mar-26,WHITE,,,33.25,,,,,33.25,4,,,,4,,
AVON COTTEX,KORA COLLAR,MH-4334,1187,27-Mar-26,BLACK,,,20.70,,,,,20.70,2,,,,2,,
AVON COTTEX,KORA COLLAR,MH-4336,1187,27-Mar-26,WHITE,,,34.05,,,,,34.05,3,,,,3,,
AVON COTTEX,KORA COLLAR,MH-4339,1187,27-Mar-26,ROYAL,,,33.75,,,,,33.75,2,,,,2,,
AVON COTTEX,KORA TAPE,MH-4339,1187,27-Mar-26,ROYAL,,,31.45,,,,,31.45,2,,,,2,,
AVON COTTEX,KORA COLLAR,MH-4340,1187,27-Mar-26,CREAM,,,3.45,,,,,3.45,1,,,,1,,
AVON COTTEX,KORA TAPE,MH-4340,1187,27-Mar-26,CREAM,,,3.00,,,,,3.00,1,,,,1,,
AVON COTTEX,KORA COLLAR,MH-4341,1187,27-Mar-26,ROYAL,,,16.7,,,,,16.7,1,,,,1,,
AVON COTTEX,KORA COLLAR,MH-4345,1187,27-Mar-26,BLACK,,,10.75,,,,,10.75,3,,,,3,,
AVON COTTEX,KORA TAPE,MH-4346,1187,27-Mar-26,CREAM,,,7.95,,,,,7.95,1,,,,1,,
AVON COTTEX,KORA TAPE,MH-4349,1187,27-Mar-26,BLACK,,,24.55,,,,,24.55,3,,,,3,,
AVON COTTEX,TAPE,MH-3872,1042,5-Nov-25,AIR FORCE,,,37.50,,,,,37.50,3,,,,3,,
AVON COTTEX,FABRIC MH LYCRA MATTY,MH-4296,1150,25-Feb-26,WHITE,,,504.80,,,,,504.80,20,,,,20,,
AVON COTTEX,KORA COLLAR,MH-4141,1093,29-Dec-25,OFF WHITE,,,48.60,,,,,48.60,3,,,,3,,
AVON COTTEX,FABRIC 50S CTN INTERLOCK,MH-4272,1144,18-Feb-26,,,,317.35,,,,,317.35,13,,,,13,,
AVON COTTEX,KORA TAPE,MH-4182,1132,5-Feb-26,WHITE,,,56.90,,,,,56.90,5,,,,5,,
AVON COTTEX,KORA COLLAR,MH-4330,1187,27-Mar-26,WHITE,,,17,,,,,17,1,,,,1,,
AVON COTTEX,KORA TAPE,MH-4330,1187,27-Mar-26,WHITE,,,15.20,,,,,15.20,1,,,,1,,
AVON COTTEX,KORA TAPE,MH-4334,1187,27-Mar-26,BLACK,,,18.15,,,,,18.15,2,,,,2,,
AVON COTTEX,KORA COLLAR,MH-4337,1187,27-Mar-26,WHITE,,,33.25,,,,,33.25,4,,,,4,,
AVON COTTEX,KORA TAPE,MH-4338,1187,27-Mar-26,NAVY,,,14.50,,,,,14.50,1,,,,1,,
AVON COTTEX,KORA COLLAR,MH-4343,1187,27-Mar-26,WHITE,,,10.75,,,,,10.75,3,,,,3,,
AVON COTTEX,KORA TAPE,MH-4345,1187,27-Mar-26,BLACK,,,8.55,,,,,8.55,1,,,,1,,
AVON COTTEX,FABRIC MH LYCRA MATTY,MH-4252,1136,11-Feb-26,,,,504.80,,,,,504.80,20,,,,20,,
AVON COTTEX,FABRIC MH PLAIN MATTY (P.K) NON-LYCRA,MH-3872,1042,5-Nov-25,AIR FORCE,,,390.15,,,,,390.15,15,,,,15,,
AVON COTTEX,FABRIC MH LYCRA MATTY,MH-4295,1150,25-Feb-26,,,,503.35,,,,,503.35,20,,,,20,,
AVON COTTEX,RIB 1/1,MH-4230,1164,6-Mar-26,BLUE,,,25.10,,,,,25.10,1,,,,1,,
AVON COTTEX,KORA TAPE,MH-4328,1187,27-Mar-26,OFF WHITE,,,29.30,,,,,29.30,2,,,,2,,
AVON COTTEX,KORA COLLAR,MH-4335,1187,27-Mar-26,NAVY,,,32.90,,,,,32.90,2,,,,2,,
AVON COTTEX,KORA TAPE,MH-4336,1187,27-Mar-26,WHITE,,,30.00,,,,,30.00,4,,,,4,,
AVON COTTEX,COLLAR,MH-4373,1200,10-Apr-26,OLIVE,,,62.55,,,,,62.55,4,,,,4,,
AVON COTTEX,TAPE,MH-4373,1200,10-Apr-26,OLIVE,,,44.3,,,,,44.3,4,,,,4,,
AVON COTTEX,FABRIC MH LYCRA SINKER,MH-4141,1093,29-Dec-25,OFF WHITE,,,305.05,,,,,305.05,12,,,,12,,
AVON COTTEX,KORA TAPE,MH-4141,1093,29-Dec-25,OFF WHITE,,,38.80,,,,,38.80,4,,,,4,,
AVON COTTEX,FABRIC 50S CTN INTERLOCK,MH-4270,1144,18-Feb-26,BLACK,,,329.00,,,,,329.00,13,,,,13,,
AVON COTTEX,COLLAR,MH-4376,1211,22-Apr-26,RED,,,36.35,,,,,36.35,2,,,,2,,
AVON COTTEX,TAPE,MH-4376,1211,22-Apr-26,RED,,,25.7,,,,,25.7,2,,,,2,,
AVON COTTEX,FABRIC MH LYCRA SINKER,MH-4232,1164,6-Mar-26,NAVY,,,508.20,,,,,508.20,20,,,,20,,
AVON COTTEX,KORA COLLAR,MH-4327,1187,27-Mar-26,OFF WHITE,,,33.90,,,,,33.90,2,,,,2,,
AVON COTTEX,KORA TAPE,MH-4329,1187,27-Mar-26,RED,,,13.90,,,,,13.90,2,,,,2,,
AVON COTTEX,KORA TAPE,MH-4332,1187,27-Mar-26,KHAKHI,,,30.1,,,,,30.1,4,,,,4,,
BERI INTERNATIONAL,FABRIC SULPHUR DYED DRILL TCTM,JO-06.,1024,18-Oct-25,L.BROWN,,,420.00,,,,,420.00,4,,,,4,,
BERI INTERNATIONAL,MIX-UNSORTED,JO-63H,1082,12-Dec-25,MIX,,,456.5,,,,,456.5,3,,,,3,,
BERI INTERNATIONAL,FABRIC GSTAR TCTM,JO-17,1036,30-Oct-25,L.GREY,,,308,,,,,308,3,,,,3,,
BERI INTERNATIONAL,FABRIC GSTAR TCTM,JO-17..,1036,30-Oct-25,KHAKHI,,,325.00,,,,,325.00,3,,,,3,,
BERI INTERNATIONAL,P-OX-C-39190,JO-63A,1082,12-Dec-25,MIX,,,110.00,,,,,110.00,1,,,,1,,
BERI INTERNATIONAL,FABRIC (TWEED),JO-966..,966,20-Aug-25,COFFEE,,,127.3,,,,,127.3,2,,,,2,,
BERI INTERNATIONAL,FABRIC CHECK GT,JO-25.,1044,7-Nov-25,TAN,,,2.00,,,,,2.00,1,,,,1,,
BERI INTERNATIONAL,P-OX-C-39190,JO-63,1082,12-Dec-25,MIX,,,110.00,,,,,110.00,1,,,,1,,
BERI INTERNATIONAL,38154,JO-63F,1082,12-Dec-25,MIX,,,100.00,,,,,100.00,1,,,,1,,
BERI INTERNATIONAL,FABRIC (TWEED),JO-20.,1039,3-Nov-25,BLACK,,,219.80,,,,,219.80,4,,,,4,,
BERI INTERNATIONAL,FABRIC (TWEED),JO-20..,1039,3-Nov-25,OFF WHITE,,,215,,,,,215,4,,,,4,,
BERI INTERNATIONAL,FABRIC GSTAR TCTM,JO-17.,1036,30-Oct-25,BLACK,,,100.00,,,,,100.00,1,,,,1,,
BERI INTERNATIONAL,38154,JO-63D,1082,12-Dec-25,MIX,,,87.00,,,,,87.00,1,,,,1,,
BERI INTERNATIONAL,38154,JO-63E,1082,12-Dec-25,MIX,,,110.00,,,,,110.00,1,,,,1,,
BERI INTERNATIONAL,FABRIC (TWEED),JO-966,966,20-Aug-25,NAVY,,,109.60,,,,,109.60,2,,,,2,,
BERI INTERNATIONAL,FABRIC (TWEED),JO-966...,966,20-Aug-25,BLACK,,,109.8,,,,,109.8,2,,,,2,,
BERI INTERNATIONAL,FABRIC SULPHUR DYED DRILL TCTM,JO-06,1024,18-Oct-25,OLIVE,,,403.5,,,,,403.5,4,,,,4,,
BERI INTERNATIONAL,FABRIC SULPHUR DYED DRILL TCTM,JO-06...,1024,18-Oct-25,BLACK,,,447.00,,,,,447.00,4,,,,4,,
BERI INTERNATIONAL,FABRIC HD,JO-17......,1036,30-Oct-25,COFFEE,,,300.00,,,,,300.00,3,,,,3,,
BERI INTERNATIONAL,FABRIC (TWEED),JO-20.....,1039,3-Nov-25,NAVY,,,54.70,,,,,54.70,1,,,,1,,
BERI INTERNATIONAL,WASHCARE,..,1055,14-Nov-25,,,,400.00,,,,,400.00,1,,,,1,,
BERI INTERNATIONAL,FABRIC GSTAR TCTM,JO-17...,1036,30-Oct-25,PISTA,,,203.00,,,,,203.00,2,,,,2,,
BERI INTERNATIONAL,P-OX-C-39190,JO-63C,1082,12-Dec-25,MIX,,,110.00,,,,,110.00,1,,,,1,,
BERI INTERNATIONAL,FABRIC (TWEED),JO-966....,966,20-Aug-25,OFF WHITE,,,108.70,,,,,108.70,2,,,,2,,
BERI INTERNATIONAL,P-OX-C-39190,JO-63B,1082,12-Dec-25,MIX,,,110,,,,,110,1,,,,1,,
BERI INTERNATIONAL,38154,JO-63G,1082,12-Dec-25,MIX,,,106,,,,,106,1,,,,1,,
BERI INTERNATIONAL,FABRIC (TWEED),JO-20,1039,3-Nov-25,TAN,,,226.20,,,,,226.20,4,,,,4,,
BERI INTERNATIONAL,FABRIC (TWEED),JO-20...,1039,3-Nov-25,KHAKHI,,,214.2,,,,,214.2,4,,,,4,,
BERI INTERNATIONAL,FABRIC HD,JO-17.....,1036,30-Oct-25,BLACK,,,400.00,,,,,400.00,4,,,,4,,
BERI INTERNATIONAL,FABRIC (TWEED),JO-966.,966,20-Aug-25,KHAKI,,,109.5,,,,,109.5,2,,,,2,,
BERI INTERNATIONAL,FABRIC SULPHUR DYED DRILL TCTM,JO-06..,1024,18-Oct-25,COFFEE,,,337.00,,,,,337.00,4,,,,4,,
BERI INTERNATIONAL,FABRIC (TWEED),JO-20....,1039,3-Nov-25,COFFEE,,,263.3,,,,,263.3,4,,,,4,,
BERI INTERNATIONAL,FABRIC GSTAR TCTM,JO-17....,1036,30-Oct-25,OLIVE,,,333.00,,,,,333.00,3,,,,3,,
BERI INTERNATIONAL,POLYBAG,.,1055,14-Nov-25,,,,300,,,,,300,1,,,,1,,
EAKTA DYEING & FINISHING HOUSE,RIB 1/1,MH-4248,1173,16-Mar-26,,,,26.00,,,,,26.00,1,,,,1,,
EAKTA DYEING & FINISHING HOUSE,FABRIC MH PLAIN MATTY (P.K) NON-LYCRA,MH-4243,1141,16-Feb-26,OFF WHITE,L.OFF WHITE,,26,,,,,26,1,,,,1,,
EAKTA DYEING & FINISHING HOUSE,RIB 1/1,MH-4249,1173,16-Mar-26,,,,25.50,,,,,25.50,1,,,,1,,
EAKTA DYEING & FINISHING HOUSE,FABRIC MH PLAIN MATTY (P.K) NON-LYCRA,MH-4243(R),1184,25-Mar-26,ROYAL,ROYAL,,-26.00,,,,,-26.00,-1,,,,-1,,
EAKTA DYEING & FINISHING HOUSE,RIB 1/1,MH-4250,1173,16-Mar-26,,,,25.6,,,,,25.6,1,,,,1,,
EAKTA DYEING & FINISHING HOUSE,RIB 1/1,MH-3585,930,15-Jul-25,ROYAL,OLIVE,GOLD FINISH,-26.70,,,,,-26.70,-2,,,,-2,,
JAWLIA HOSIERY WORKS,FABRIC,JO-08..,1027,23-Oct-25,COFFEE,,,6.4,,,,,6.4,1,,,,1,,
JAWLIA HOSIERY WORKS,FABRIC,JO-103I,1122,30-Jan-26,R.GREEN,,,23.82,,,,,23.82,1,,,,1,,
JAWLIA HOSIERY WORKS,FABRIC,JO-103E,1122,30-Jan-26,NAVY,,,12.70,,,,,12.70,1,,,,1,,
JAWLIA HOSIERY WORKS,FABRIC,JO-103J,1122,30-Jan-26,YELLOW,,,24.70,,,,,24.70,1,,,,1,,
JAWLIA HOSIERY WORKS,FABRIC,JO-103M,1122,30-Jan-26,RED,,,24.42,,,,,24.42,1,,,,1,,
JAWLIA HOSIERY WORKS,FABRIC,JO-103N,1122,30-Jan-26,ICE.BLUE,,,32.12,,,,,32.12,1,,,,1,,
JAWLIA HOSIERY WORKS,FABRIC UK LYCRA - GT,JO-59,1078,5-Dec-25,MIX,,,53.54,,,,,53.54,1,,,,1,,
JAWLIA HOSIERY WORKS,FABRIC,JO-155,1172,12-Mar-26,MIX,,,25.31,,,,,25.31,1,,,,1,,
JAWLIA HOSIERY WORKS,FABRIC,JO-103,1122,30-Jan-26,M.GREY,,,10.80,,,,,10.80,1,,,,1,,
JAWLIA HOSIERY WORKS,FABRIC,JO-103L,1122,30-Jan-26,SURF,,,32.62,,,,,32.62,1,,,,1,,
JAWLIA HOSIERY WORKS,FABRIC,JO-153,1170,12-March-26,MIX,,,25.5,,,,,25.5,1,,,,1,,
JAWLIA HOSIERY WORKS,FABRIC,JO-08,1027,23-Oct-25,WHITE,,,22.26,,,,,22.26,1,,,,1,,
JAWLIA HOSIERY WORKS,FABRIC,JO-08.,1027,23-Oct-25,BEIGE,,,5.60,,,,,5.60,1,,,,1,,
JAWLIA HOSIERY WORKS,FABRIC,JO-08...,1027,23-Oct-25,R.GREEN,,,4.72,,,,,4.72,1,,,,1,,
JAWLIA HOSIERY WORKS,FABRIC,JO-146,1163,5-Mar-26,MIX,,,75.50,,,,,75.50,4,,,,4,,
JAWLIA HOSIERY WORKS,FABRIC,JO-153B,1170,12-Mar-26,MIX,,,79.78,,,,,79.78,3,,,,3,,
JAWLIA HOSIERY WORKS,FABRIC,JO-175,1191,30-Mar-26,WHITE,,,48.24,,,,,48.24,2,,,,2,,
JAWLIA HOSIERY WORKS,FABRIC LYCRA SINKER,JO-59C,1078,5-Dec-25,BLACK,,,27.22,,,,,27.22,1,,,,1,,
JAWLIA HOSIERY WORKS,FABRIC LYCRA SINKER,JO-59D,1078,5-Dec-25,R.GREEN,,,22.80,,,,,22.80,1,,,,1,,
JAWLIA HOSIERY WORKS,FABRIC,JO-97,1116,27-Jan-26,MIX,,,122.96,,,,,122.96,4,,,,4,,
JAWLIA HOSIERY WORKS,FABRIC,JO-103O,1122,30-Jan-26,BLACK,,,22.28,,,,,22.28,1,,,,1,,
JAWLIA HOSIERY WORKS,FABRIC,JO-167,1183,25-Mar-26,MIX,MIX,,5.72,,,,,5.72,1,,,,1,,
JAWLIA HOSIERY WORKS,FABRIC,JO-103A,1122,30-Jan-26,RED,,,10.10,,,,,10.10,1,,,,1,,
JAWLIA HOSIERY WORKS,FABRIC,JO-103B,1122,30-Jan-26,ROYAL,,,9.20,,,,,9.20,1,,,,1,,
JAWLIA HOSIERY WORKS,FABRIC,JO-103C,1122,30-Jan-26,Z.GREY,,,10.00,,,,,10.00,1,,,,1,,
JAWLIA HOSIERY WORKS,FABRIC,JO-103F,1122,30-Jan-26,BLACK,,,25.00,,,,,25.00,1,,,,1,,
JAWLIA HOSIERY WORKS,FABRIC,JO-103K,1122,30-Jan-26,ORANGE,,,34.60,,,,,34.60,1,,,,1,,
JAWLIA HOSIERY WORKS,FABRIC,JO-103D,1122,30-Jan-26,SAGE,,,10.06,,,,,10.06,1,,,,1,,
JAWLIA HOSIERY WORKS,FABRIC,JO-103H,1122,30-Jan-26,L.BEIGE,,,10.10,,,,,10.10,1,,,,1,,
JAWLIA HOSIERY WORKS,FABRIC,JO-169,1185,27-Mar-26,MIX,,,38.36,,,,,38.36,1,,,,1,,
JAWLIA HOSIERY WORKS,FABRIC,JO-153A,1170,12-Mar-26,MIX,,,80.89,,,,,80.89,3,,,,3,,
JAWLIA HOSIERY WORKS,FABRIC MH FINE COTTON,JO-275,1290,26-Jun-26,MIX,,,24.60,,,,,24.60,1,,,,1,,
JAWLIA HOSIERY WORKS,FABRIC MILITARY PRINT TWILL CEMO TCTM,JO-59B,1078,5-Dec-25,L.GREY,,,38.26,,,,,38.26,1,,,,1,,
JAWLIA HOSIERY WORKS,FABRIC,JO-103G,1122,30-Jan-26,COFFEE,,,10.74,,,,,10.74,1,,,,1,,
JAWLIA HOSIERY WORKS,FABRIC MILITARY PRINT TWILL CEMO TCTM,JO-59A,1078,5-Dec-25,D.GREY,,,49.66,,,,,49.66,1,,,,1,,
KALIA WOOLEN MILLS,FABRIC D#506 PD,JO-01.....,994,18-Sep-25,PEANUT,,,700.00,,,,,700.00,7,,,,7,,
KALIA WOOLEN MILLS,FABRIC D#506 PD,JO-01....,994,18-Sep-25,BLACK,,,700.00,,,,,700.00,7,,,,7,,
KALIA WOOLEN MILLS,FABRIC D#506 PD,JO-01...,994,18-Sep-25,NAVY,,,700.00,,,,,700.00,7,,,,7,,
KALIA WOOLEN MILLS,FABRIC D#506 PD,JO.01,994,18-Sep-25,SNOW,,,700.00,,,,,700.00,7,,,,7,,
KALIA WOOLEN MILLS,FABRIC D#506 PD,JO-01..,994,18-Sep-25,OLIVE,,,700.00,,,,,700.00,7,,,,7,,
KALIA WOOLEN MILLS,FABRIC D#506 PD,J0-01.,994,18-Sep-25,KHAKHI,,,700.00,,,,,700.00,7,,,,7,,
KALIA WOOLLEN MILLS,FABRIC HD,JO.,1001,26-Sep-25,BLACK,,DIAMOND QUILTING,"1,000.00",,,,,"1,000.00",10,,,,10,,
KALIA WOOLLEN MILLS,JACKET,73016..,1025,18-Oct-25,NAVY,,FILLING,110.00,,,,,110.00,1,,,,1,,
KALIA WOOLLEN MILLS,JACKET,73043,1060,19-Nov-25,COFFEE,,,120.00,,,,,120.00,1,,,,1,,
KALIA WOOLLEN MILLS,JACKET,73041,1060,19-November-25,GREY,,,120.00,,,,,120.00,1,,,,1,,
KALIA WOOLLEN MILLS,FABRIC HD,JO....,1001,26-Sep-25,GREY,,DIAMOND QUILTING,500.00,,,,,500.00,5,,,,5,,
KALIA WOOLLEN MILLS,JACKET,JO-997.,997,22-Sep-25,OLIVE,,FILLING,175.00,,,,,175.00,1,,,,1,,
KALIA WOOLLEN MILLS,JACKET,73013....,1019,14-Oct-25,COFFEE,,FILLING,115.00,,,,,115.00,4,,,,4,,
KALIA WOOLLEN MILLS,JACKET,73013.....,1019,14-Oct-25,RED,,FILLING,110.00,,,,,110.00,4,,,,4,,
KALIA WOOLLEN MILLS,JACKET,73016,1019,14-Oct-25,D.GREY,,FILLING,115.00,,,,,115.00,2,,,,2,,
KALIA WOOLLEN MILLS,JACKET,73016...,1025,18-Oct-25,D.GREY,,FILLINGH,115.00,,,,,115.00,1,,,,1,,
KALIA WOOLLEN MILLS,JACKET,73016....,1025,18-Oct-25,GREEN,,FILLING,115.00,,,,,115.00,1,,,,1,,
KALIA WOOLLEN MILLS,JACKET,73029,1057,15-Nov-25,COFFEE,,,95.00,,,,,95.00,1,,,,1,,
KALIA WOOLLEN MILLS,JACKET,73013,1019,14-Oct-25,CAMEL,,FILLING,115.00,,,,,115.00,4.00,,,,4,,
KALIA WOOLLEN MILLS,JACKET,73029,1057,15-Nov-25,FAWN,,,90.00,,,,,90.00,1,,,,1,,
KALIA WOOLLEN MILLS,JACKET,73016.......,1060,19-Nov-25,WHITE,,,110.00,,,,,110.00,1,,,,1,,
KALIA WOOLLEN MILLS,JACKET,73017,1014,8-Oct-25,OLIVE,,FILLING,80.00,,,,,80.00,1,,,,1,,
KALIA WOOLLEN MILLS,JACKET,73017....,1014,8-Oct-25,DEEP GREY,,FILLING,115.00,,,,,115.00,1,,,,1,,
KALIA WOOLLEN MILLS,JACKET,73023,1014,8-Oct-25,BLACK,,FILLING,125.00,,,,,125.00,1,,,,1,,
KALIA WOOLLEN MILLS,JACKET,773019,1025,18-Oct-25,L.OLIVE,,FILLING,105.00,,,,,105.00,1,,,,1,,
KALIA WOOLLEN MILLS,JACKET,73019,1025,18-October-25,OLIVE,,FILLING,110.00,,,,,110.00,1,,,,1,,
KALIA WOOLLEN MILLS,JACKET,73043,1060,19-Nov-25,OLIVE,,,120.00,,,,,120.00,1,,,,1,,
KALIA WOOLLEN MILLS,JACKET,73043..,1060,19-Nov-25,KHAKHI,,,120.00,,,,,120.00,1,,,,1,,
KALIA WOOLLEN MILLS,FABRIC HD,JO...,1001,26-Sep-25,OFF WHITE,,DIAMOND QUILTING,100.00,,,,,100.00,1,,,,1,,
KALIA WOOLLEN MILLS,JACKET,JO-997,997,22-Sep-25,BLACK,,FILLING,175.00,,,,,175.00,1,,,,1,,
KALIA WOOLLEN MILLS,JACKET,73013,1019,14-Oct-25,L.GREY,,FILLING,110.00,,,,,110.00,4,,,,4,,
KALIA WOOLLEN MILLS,JACKET,73019..,1025,18-Oct-25,LEAF,,FILLING,115.00,,,,,115.00,1,,,,1,,
KALIA WOOLLEN MILLS,JACKET,73029....,1057,15-Nov-25,BLACK,,,95.00,,,,,95.00,1,,,,1,,
KALIA WOOLLEN MILLS,JACKET,73016......,1057,15-Nov-25,FAWN,,,110.00,,,,,110.00,1,,,,1,,
KALIA WOOLLEN MILLS,JACKET,73041,1060,19-Nov-25,OLIVE,,,120.00,,,,,120.00,1,,,,1,,
KALIA WOOLLEN MILLS,JACKET,73041..,1060,19-Nov-25,COFFEE,,,120.00,,,,,120.00,1,,,,1,,
KALIA WOOLLEN MILLS,FABRIC HD,JO......,1001,26-Sep-25,FAWN,,DIAMOND QUILTING,200.00,,,,,200.00,2,,,,2,,
KALIA WOOLLEN MILLS,JACKET,73017..,1014,8-Oct-25,BROWN,,filling,110.00,,,,,110.00,1,,,,1,,
KALIA WOOLLEN MILLS,JACKET,73029...,1057,15-Nov-25,OLIVE,,,95.00,,,,,95.00,1,,,,1,,
KALIA WOOLLEN MILLS,JACKET,73016.....,1057,15-Nov-25,B.GREEN,,,115,,,,,115,1,,,,1,,
KALIA WOOLLEN MILLS,FABRIC HD,JO.....,1001,26-Sep-25,OLIVE,,DIAMOND QUILTING,500,,,,,500,5,,,,5,,
KALIA WOOLLEN MILLS,JACKET,73017,1014,8-Oct-25,MOUSE,,filling,85.00,,,,,85.00,1,,,,1,,
KALIA WOOLLEN MILLS,FABRIC HD,JO..,1001,26-Sep-25,NAVY,,DIAMOND QUILTING,200.00,,,,,200.00,2,,,,2,,
KALIA WOOLLEN MILLS,JACKET,73016,1019,14-Oct-25,NAVY,,FILLING,110.00,,,,,110.00,2,,,,2,,
KALIA WOOLLEN MILLS,JACKET,73013......,1019,14-Oct-25,FAWN,,FILLING,110.00,,,,,110.00,4,,,,4,,
KALIA WOOLLEN MILLS,JACKET,73013...,1019,14-Oct-25,BLACK,,FILLING,110.00,,,,,110.00,4,,,,4,,
KALIA WOOLLEN MILLS,JACKET,73029..,1057,15-Nov-25,D.GREY,,,95.00,,,,,95.00,1,,,,1,,
KALIA WOOLLEN MILLS,JACKET,73023,1014,8-Oct-25,OLIVE,,FILLING,125.00,,,,,125.00,1,,,,1,,
KALIA WOOLLEN MILLS,JACKET,73013..,1019,14-Oct-25,OLIVE,,FILLING,110.00,,,,,110.00,4,,,,4,,
MAHARAJA PROCESSOR,FABRIC MH AMERICAN FINE COTTON,MH-1454 (R),610,17-Feb-24,BLACK,,,24.30,,,,,24.30,1,,,,1,,
MAHARAJA PROCESSOR,DYED MH STRIPER S/J,MH-4454 (A),1248,3-Jun-26,WHITE/ROYAL/SKY,,,123.45,,,,,123.45,5,,,,5,,
MAHARAJA PROCESSOR,RIB 1/1,MH-4466,1255,6-Jun-26,CREAM,,,82.75,,,,,82.75,4,,,,4,,
MAHARAJA PROCESSOR,RIB 1/1,MH-4475,1262,12-Jun-26,,,,82.75,,,,,82.75,4,,,,4,,
MAHARAJA PROCESSOR,FABRIC MH FLEECE,MH-4476,1262,12-Jun-26,BLACK,,,527.50,,,,,527.50,20,,,,20,,
MAHARAJA PROCESSOR,RIB 1/1,MH-4476,1262,12-Jun-26,BLACK,,,82.50,,,,,82.50,4,,,,4,,
MAHARAJA PROCESSOR,FABRIC MH FLEECE,MH-4474,1263,12-Jun-26,BLACK,,,531.85,,,,,531.85,20,,,,20,,
MAHARAJA PROCESSOR,RIB 1/1,MH-3754 (A),1281,20-Jun-26,COFFEE,,,94.83,,,,,94.83,4,,,,4,,
MAHARAJA PROCESSOR,FABRIC MH FLEECE,MH-4486,1280,19-Jun-26,BLACK,,,534.75,,,,,534.75,20,,,,20,,
MAHARAJA PROCESSOR,DYED MH STRIPER S/J,MH-4487B,1280,19-Jun-26,RANI/WHITE/SKY,,,130.65,,,,,130.65,5,,,,5,,
MAHARAJA PROCESSOR,RIB 1/1,MH-4489,1283,23-Jun-26,L.BEIGE,,4414,84.00,,,,,84.00,4,,,,4,,
MAHARAJA PROCESSOR,DYED COLLAR,MH-4493 (C),1283,23-Jun-26,JQ,,,51.95,,,,,51.95,4,,,,4,,
MAHARAJA PROCESSOR,MH FINE COTTON STRIPE,MH-4433(B) (R),1291,27-Jun-26,BLUE/WHITE,,,51.32,,,,,51.32,2,,,,2,,
MAHARAJA PROCESSOR,RIB 1/1,MH-4502,1292,29-Jun-26,,,,88.90,,,,,88.90,4,,,,4,,
MAHARAJA PROCESSOR,RIB 1/1,MH-4495,1287,25-Jun-26,RFD,,,102.15,,,,,102.15,4,,,,4,,
MAHARAJA PROCESSOR,DYED COLLAR,MH-3533.....,910,18-Jun-25,KHAKI,,,10.90,,,,,10.90,1,,,,1,,
MAHARAJA PROCESSOR,RIB 1/1,MH-4449,1246,29-May-26,ROYAL,,3746,82.05,,,,,82.05,4,,,,4,,
MAHARAJA PROCESSOR,DYED MH STRIPER S/J,MH-4454 (R),1274,17-Jun-26,WHITE/GREEN/SKY,,,27.30,,,,,27.30,1,,,,1,,
MAHARAJA PROCESSOR,FABRIC MH FLEECE,MH-4472,1263,12-Jun-26,BLACK,,,529.15,,,,,529.15,20,,,,20,,
MAHARAJA PROCESSOR,FABRIC MH FINE COTTON,MH-4481,1271,16-Jun-26,RFD,RFD,,"1,182.20",,591,37.6,6.36,591.20,46,,23,23,23,,
MAHARAJA PROCESSOR,FABRIC MH FLEECE,MH-4484,1280,19-Jun-26,,,,537.20,,,,,537.20,20,,,,20,,
MAHARAJA PROCESSOR,RIB 1/1,MH-4484,1280,19-Jun-26,,,,84.10,,,,,84.10,4,,,,4,,
MAHARAJA PROCESSOR,FABRIC MH FLEECE,MH-4491,1283,23-Jun-26,,,,534.15,,,,,534.15,20,,,,20,,
MAHARAJA PROCESSOR,FABRIC MH MESH,JO-270 (B),1285,24-Jun-26,COFFEE,,,455.00,,,,,455.00,20,,,,20,,
MAHARAJA PROCESSOR,FABRIC MH MESH,JO-270 (D),1285,24-Jun-26,ROYAL,,,228.00,,,,,228.00,10,,,,10,,
MAHARAJA PROCESSOR,FABRIC MH LYCRA SINKER,MH-4494,1293,29-Jun-26,RFD,,,"1,238.90",,,,,"1,238.90",50,,,,50,,
MAHARAJA PROCESSOR,DYED MH STRIPER S/J,MH-4505(A),1293,29-Jun-26,BEIGE/BLACK/RED,,,134.10,,,,,134.10,5,,,,5,,
MAHARAJA PROCESSOR,FABRIC MH FLEECE,MH-4502,1292,29-Jun-26,,,,532.85,,,,,532.85,20,,,,20,,
MAHARAJA PROCESSOR,DYED MH STRIPER S/J,MH-4496(A),1287,25-Jun-26,BLACK/RED/WHITE,,,163.60,,,,,163.60,6,,,,6,,
MAHARAJA PROCESSOR,DYED MH STRIPER S/J,MH-4496(B),1287,25-Jun-26,GREEN/BLACK,,,102.85,,,,,102.85,4,,,,4,,
MAHARAJA PROCESSOR,FABRIC MH RUSSIAN FLEECE,MH-1980,720,1-Jul-24,BLACK,,,537.15,,,,,537.15,21,,,,21,,
MAHARAJA PROCESSOR,FABRIC MH LYCRA MATTY ELITE,MH-2063,740,17-Aug-24,BEIGE,,,25.95,,,,,25.95,1,,,,1,,
MAHARAJA PROCESSOR,FABRIC MH FINE COTTON,RP-006,1165,6-Mar-26,N.YELLOW,N.YELLOW,,24.20,,,,,24.20,1,,,,1,,
MAHARAJA PROCESSOR,RIB 1/1,MH-4462,1252,5-Jun-26,RFD,,,83.45,,,,,83.45,4,,,,4,,
MAHARAJA PROCESSOR,FABRIC MH FLEECE,MH-4475,1262,12-Jun-26,,,,532.15,,,,,532.15,20,,,,20,,
MAHARAJA PROCESSOR,DYED MH STRIPER S/J,MH-4487,1280,19-Jun-26,LT.GREEN/WHITE,,,27.30,,,,,27.30,1,,,,1,,
MAHARAJA PROCESSOR,DYED MH STRIPER S/J,MH-4492 (A),1283,23-Jun-26,BEIGE/COFFEE/WHITE,,,105.8,,,,,105.8,4,,,,4,,
MAHARAJA PROCESSOR,FABRIC MH FLEECE,MH-4497,1289,26-Jun-26,,,,533.10,,,,,533.10,20,,,,20,,
MAHARAJA PROCESSOR,FABRIC MH P/C FLEECE ( KORA 317 ),MH-4365,1189,28-Mar-26,,BLACK,,157.70,,,,,157.70,6,,,,6,,
MAHARAJA PROCESSOR,FABRIC MH JAPANESE LYCRA S/J,MH-3112,793,23-Nov-24,BLACK MIX,BLACK MIX,,26.00,,,,,26.00,1,,,,1,,
MAHARAJA PROCESSOR,FABRIC MH FLEECE,MH-4449,1246,29-May-26,ROYAL,,3746,519.20,,,,,519.20,20,,,,20,,
MAHARAJA PROCESSOR,DYED MH STRIPER S/J,MH-4454 (C) (R),1274,17-Jun-26,WHITE/WINE/D.PINK,,,26.06,,,,,26.06,1,,,,1,,
MAHARAJA PROCESSOR,RIB 1/1,MH-4472,1263,12-Jun-26,BLACK,,,82.60,,,,,82.60,4,,,,4,,
MAHARAJA PROCESSOR,FABRIC MH FLEECE,MH-4473,1263,12-Jun-26,,,,529.50,,,,,529.50,20,,,,20,,
MAHARAJA PROCESSOR,FABRIC MH MESH,JO-269 (A),1284,23-Jun-26,D.GREY,NAVY,,257.00,,58,2.32,4,199.00,9,,2,2,7,,
MAHARAJA PROCESSOR,FABRIC MH MESH,JO-269 (B),1284,23-Jun-26,L.GREY,L.GREY,,257.00,,257,6.82,2.65,,9,,9,9,,,
MAHARAJA PROCESSOR,FABRIC MH FLEECE,MH-4485,1280,19-Jun-26,,,,534.85,,,,,534.85,20.00,,,,20,,
MAHARAJA PROCESSOR,RIB 1/1,MH-4485,1280,19-Jun-26,,,,84.05,,,,,84.05,4,,,,4,,
MAHARAJA PROCESSOR,RIB 1/1,MH-4486,1280,19-Jun-26,BLACK,,,84.05,,,,,84.05,4,,,,4,,
MAHARAJA PROCESSOR,MH FINE COTTON STRIPE,MH-4433(A) (R).,1291,27-Jun-26,BLUE/PURPLE,,,99.60,,,,,99.60,4,,,,4,,
MAHARAJA PROCESSOR,RIB 1/1,MH-4497,1289,26-Jun-26,,,,75.95,,,,,75.95,3,,,,3,,
MAHARAJA PROCESSOR,FABRIC MH MESH,JO-270 (E),1285,24-Jun-26,D.NAVY,,,228.80,,,,,228.80,10,,,,10,,
MAHARAJA PROCESSOR,FABRIC MH FLEECE,MH-4500,1289,26-Jun-26,,,,531.05,,,,,531.05,20,,,,20,,
MAHARAJA PROCESSOR,RIB 1/1,MH-4500,1289,26-Jun-26,,,,81.95,,,,,81.95,4,,,,4,,
MAHARAJA PROCESSOR,MH FINE COTTON STRIPE,MH-4433(E)(R),1291,27-Jun-26,WHITE/BLUE,,,50.48,,,,,50.48,2,,,,2,,
MAHARAJA PROCESSOR,DYED MH STRIPER S/J,MH-4505,1293,29-Jun-26,"LT.GREEN, BLACK",,,24.05,,,,,24.05,1,,,,1,,
MAHARAJA PROCESSOR,FABRIC MH AMERICAN FINE COTTON,MH-1687,605,13-Feb-24,,LEMON,,-24.00,,,,,-24.00,-1,,,,-1,,
MAHARAJA PROCESSOR,FABRIC MH GERMAN FLEECE,MH-4391,1214,27-Apr-26,OFF WHITE,OFF WHITE,,507.30,,507.30,39.48,7.78,,20,,20,20,,,
MAHARAJA PROCESSOR,RIB 1/1,MH-4391,1214,27-Apr-26,OFF WHITE,OFF WHITE,,76.55,,76.55,9.39,12.27,,3,,3,3,,,
MAHARAJA PROCESSOR,FABRIC RICE KNIT,MH-4066,1152,25-Feb-26,,,,248.90,,,,,248.90,10,,,,10,,
MAHARAJA PROCESSOR,FABRIC RICE KNIT,MH-4068,1152,25-Feb-26,,,,248.90,,,,,248.90,10,,,,10,,
MAHARAJA PROCESSOR,FABRIC RICE KNIT,MH-4035,1096,2-Jan-26,WHITE,WHITE,4024,10.00,,,,,10.00,1,,,,1,,
MAHARAJA PROCESSOR,FABRIC MH MESH,JO-269 (C),1284,23-Jun-26,WHITE,NAVY,,228.00,,228,3.08,1.35,,8,,8,8,,,
MAHARAJA PROCESSOR,FABRIC MH GERMAN FLEECE,MH-3754 (A),1281,20-Jun-26,COFFEE,,,798.54,,,,,798.54,33,,,,33,,
MAHARAJA PROCESSOR,FABRIC MH FLEECE,MH-4488,1283,23-Jun-26,D.GREY,,4407,524.05,,,,,524.05,20,,,,20,,
MAHARAJA PROCESSOR,RIB 1/1,MH-4488,1283,23-Jun-26,D.GREY,,4407,84.05,,,,,84.05,4,,,,4,,
MAHARAJA PROCESSOR,FABRIC MH FLEECE,MH-4489,1283,23-Jun-26,L.BEIGE,,4414,535.95,,,,,535.95,20,,,,20,,
MAHARAJA PROCESSOR,DYED TAPE,MH-4493 (B),1283,23-June-26,ORANGE,,,22.65,,,,,22.65,2,,,,2,,
MAHARAJA PROCESSOR,FABRIC MH FLEECE,MH-4499,1289,26-Jun-26,RFD,,,527.50,,,,,527.50,20,,,,20,,
MAHARAJA PROCESSOR,FABRIC MH MESH,JO-270,1285,24-Jun-26,BLACK,,,455.00,,,,,455.00,20,,,,20,,
MAHARAJA PROCESSOR,FABRIC MH MESH,JO-270 (C),1285,24-Jun-26,RED,,,228.00,,,,,228.00,10,,,,10,,
MAHARAJA PROCESSOR,FABRIC MH FLEECE,MH-4503,1292,29-Jun-26,,,,531.30,,,,,531.30,20,,,,20,,
MAHARAJA PROCESSOR,RIB 1/1,MH-4503,1292,29-Jun-26,,,,95.65,,,,,95.65,4,,,,4,,
MAHARAJA PROCESSOR,DYED MH STRIPER S/J,MH-4505(C),1293,29-Jun-26,ORANGE/GREEN/RED,,,54.40,,,,,54.40,2,,,,2,,
MAHARAJA PROCESSOR,RIB 1/1,MH-1980,720,1-Jul-24,BLACK,,,101.80,,,,,101.80,4,,,,4,,
MAHARAJA PROCESSOR,DYED COLLAR,MH-3533....,910,18-Jun-25,OFF WHITE,,,2.70,,,,,2.70,1,,,,1,,
MAHARAJA PROCESSOR,DYED TAPE,MH-3533....,910,18-Jun-25,OFF WHITE,,,2.4,,,,,2.4,1,,,,1,,
MAHARAJA PROCESSOR,RIB 1/1,MH-4414(R),1247,2-Jun-26,BEIGE,BEIGE,,76.55,,76.55,1.03,1.35,,4,,4,4,,,
MAHARAJA PROCESSOR,FABRIC MH FLEECE,MH-4462,1252,5-Jun-26,RFD,,,529.10,,,,,529.10,20,,,,20,,
MAHARAJA PROCESSOR,FABRIC MH FLEECE,MH-4463,1252,5-Jun-26,RFD,,,529.50,,,,,529.50,20,,,,20,,
MAHARAJA PROCESSOR,FABRIC MH FLEECE,MH-4466,1255,6-June-26,CREAM,,,529.05,,,,,529.05,20,,,,20,,
MAHARAJA PROCESSOR,MH FINE COTTON STRIPE,MH-4419(B) (R),1261,11/Jun-2026,COFFEE/WHITE,,,25.58,,,,,25.58,1,,,,1,,
MAHARAJA PROCESSOR,DYED MH STRIPER S/J,MH-4487A,1280,19/Jun-2026,GREEN/WHITE/LT GREEN,,,134.15,,,,,134.15,5,,,,5,,
MAHARAJA PROCESSOR,FABRIC MH FLEECE,MH-4490,1283,23/Jun/26,CREAM,,,529.40,,,,,529.40,20,,,,20,,
MAHARAJA PROCESSOR,FABRIC MH FLEECE,MH-4501,1292,29/Jun/26,,,,536.15,,,,,536.15,20,,,,20,,
MAHARAJA PROCESSOR,RIB 1/1,MH-4501,1292,29/Jun/26,,,,78.3,,,,,78.3,3,,,,3,,
MAHARAJA PROCESSOR,FABRIC MH HEAVY COTTON,MH-4495,1287,25/Jun/26,RFD,,,"1,291.90",,,,,"1,291.90",50,,,,50,,
MAHARAJA PROCESSOR,DYED MH STRIPER S/J,MH-4496,1287,25/Jun/26,BEIGE/GREEN,,,26.70,,,,,26.70,1,,,,1,,
MAHARAJA PROCESSOR,FABRIC MH PLAIN MATTY (P.K) NON-LYCRA,MH-3295,824,18/Jan/25,,,,7.25,,,,,7.25,1,,,,1,,
MAHARAJA PROCESSOR,FABRIC RICE KNIT,MH-4045,1097,02/Jan/26,,NAVY,,29.44,,,,,29.44,,,,,,,
MAHARAJA PROCESSOR,RIB 1/1,MH-4473,1263,12/Jun/26,,,,83.20,,,,,83.20,4,,,,4,,
MAHARAJA PROCESSOR,DYED MH STRIPER S/J,MH-4487C,1280,19/Jun/26,RANI/WHITE/BLACK,,,105.05,,,,,105.05,4,,,,4,,
MAHARAJA PROCESSOR,RIB 1/1,MH-4491,1283,23/Jun/26,,,,83.4,,,,,83.4,4,,,,4,,
MAHARAJA PROCESSOR,DYED MH STRIPER S/J,MH-4492 (B),1283,23/Jun/26,BEIGE/GREEN,,,104.10,,,,,104.10,4,,,,4,,
MAHARAJA PROCESSOR,FABRIC MH FLEECE,MH-4498,1289,26/June/26,BLACK,,,534.5,,,,,534.5,20,,,,20,,
MAHARAJA PROCESSOR,MH FINE COTTON STRIPE,MH-4433(C) (R),1291,27/Jun/26,SKY/BLACK,,,51.76,,,,,51.76,2,,,,2,,
MAHARAJA PROCESSOR,RIB 1/1,MH-4413(R),1291,27/June/26,CAMEL,,,72.05,,,,,72.05,4,,,,4,,
MAHARAJA PROCESSOR,RIB 1/1,MH-4365,1189,28/March/26,,BLACK,,50.6,,,,,50.6,2,,,,2,,
MAHARAJA PROCESSOR,RIB 1/1,MH-4494,1293,29/Jun/26,RFD,,,98.55,,,,,98.55,4,,,,4,,
MAHARAJA PROCESSOR,DYED MH STRIPER S/J,MH-4505(B),1293,29/Jun/26,ORANGE/GREEN/LT GREEN,,,53.95,,,,,53.95,2,,,,2,,
MAHARAJA PROCESSOR,RIB 1/1,MH-4504,1292,29/Jun/26,RFD,,,50.55,,,,,50.55,2,,,,2,,
MAHARAJA PROCESSOR,FABRIC MH PLAIN MATTY (P.K) NON-LYCRA,MH-4483,1277,18/Jun/26,RFD,,,949.05,,,,,949.05,36,,,,36,,
MAHARAJA PROCESSOR,DYED COLLAR,MH-3533...,910,18/Jun/25,RED,,,28.80,,,,,28.80,4,,,,4,,
MAHARAJA PROCESSOR,DYED TAPE,MH-3533...,910,18/Jun/25,RED,,,23.50,,,,,23.50,4,,,,4,,
MAHARAJA PROCESSOR,DYED TAPE,MH-3533.....,910,18/Jun/25,KHAKI,,,7.90,,,,,7.90,1,,,,1,,
MAHARAJA PROCESSOR,RIB 1/1,MH-4438,1236,20/May/26,BLACK,,,82.65,,,,,82.65,4,,,,4,,
MAHARAJA PROCESSOR,RIB 1/1,MH-4463,1252,5/Jun/26,RFD,,,82.15,,,,,82.15,4,,,,4,,
MAHARAJA PROCESSOR,RIB 1/1,MH-4474,1263,12/June/26,BLACK,,,83.25,,,,,83.25,4,,,,4,,
MAHARAJA PROCESSOR,FABRIC MH MESH,JO-269,1284,23/Jun/26,FAWN,ROYAL,,257.00,,257,6.74,2.62,,9,,9,9,,,
MAHARAJA PROCESSOR,RIB 1/1,MH-4490,1283,23/June/26,CREAM,,,83.90,,,,,83.90,4,,,,4,,
MAHARAJA PROCESSOR,DYED COLLAR,MH-4493 (A),1283,23/Jun/26,ORANGE,,,48.60,,,,,48.60,3,,,,3,,
MAHARAJA PROCESSOR,RIB 1/1,MH-4498,1289,26/Jun/26,BLACK,,,80.35,,,,,80.35,4,,,,4,,
MAHARAJA PROCESSOR,RIB 1/1,MH-4499,1289,26/Jun/26,RFD,,,82.95,,,,,82.95,4,,,,4,,
MAHARAJA PROCESSOR,FABRIC MH MESH,JO-270 (A),1285,24/Jun/26,OLIVE,,,455.00,,,,,455.00,20,,,,20,,
MAHARAJA PROCESSOR,MH FINE COTTON STRIPE,MH-4433(D)(R),1291,27/Jun/26,BLUE/WHITE,,,101.7,,,,,101.7,4,,,,4,,
MAHARAJA PROCESSOR,FABRIC MH HEAVY COTTON,MH-4504,1292,29/Jun/26,RFD,,,996.75,,,,,996.75,39,,,,39,,
MEGALINE DYEING AND FINISHING HOUSE,FABRIC PC RFD,JO-261,1276,17/Jun/26,,,,27.35,,,,,27.35,1,,,,1,,
MEGALINE DYEING AND FINISHING HOUSE,T-SHIRT R/N RFD,11767/BAG LOT NO.7,1278,18/Jun/26,GREY,,,308.00,,,,,308.00,3,,,,3,,
MEGALINE DYEING AND FINISHING HOUSE,T-SHIRT R/N RFD,11769/BAG LOT NO.7,1265,13/Jun/26,,,,308.00,,,,,308.00,3,,,,3,,
MEGALINE DYEING AND FINISHING HOUSE,T-SHIRT R/N RFD,11779/ BAG LOT 8,1286,24/Jun/26,RFD,,,308.00,,,,,308.00,3,,,,3,,
MEGALINE DYEING AND FINISHING HOUSE,T-SHIRT R/N RFD,11769/BAG LOT NO.3,1278,18/Jun/26,BLACK,,,308.00,,,,,308.00,3,,,,3,,
MEGALINE DYEING AND FINISHING HOUSE,T-SHIRT R/N RFD,11779/ BAG LOT 4,1286,24/June/26,RFD,,,313.00,,,,,313.00,3,,,,3,,
MEGALINE DYEING AND FINISHING HOUSE,T-SHIRT R/N RFD,11769/BAG LOT NO.1,1278,18/Jun/26,BLACK,,,301.00,,,,,301.00,3,,,,3,,
MEGALINE DYEING AND FINISHING HOUSE,T-SHIRT R/N RFD,11770/BAG LOT NO.5,1278,18/Jun/26,GREY,,,306.00,,,,,306.00,3,,,,3,,
MEGALINE DYEING AND FINISHING HOUSE,T-SHIRT R/N RFD,11779/ BAG LOT 5,1286,24/Jun/26,RFD,,,301.00,,,,,301.00,3,,,,3,,
MEGALINE DYEING AND FINISHING HOUSE,T-SHIRT R/N RFD,11779/ BAG LOT 6,1286,24/Jun/26,RFD,,,310.00,,,,,310.00,3,,,,3,,
MEGALINE DYEING AND FINISHING HOUSE,T-SHIRT R/N RFD,11763/BAG LOT NO.10,1265,13-Jun-26,,,,303,,,,,303,3,,,,3,,
MEGALINE DYEING AND FINISHING HOUSE,T-SHIRT R/N RFD,11763/BAG LOT NO.11,1265,13/Jun/26,,,,310.00,,,,,310.00,3,,,,3,,
MEGALINE DYEING AND FINISHING HOUSE,T-SHIRT R/N RFD,11779/ BAG LOT 3,1286,24/Jun/26,RFD,,,303.00,,,,,303.00,3,,,,3,,
MEGALINE DYEING AND FINISHING HOUSE,T-SHIRT R/N RFD,11768/BAG LOT NO.6,1265,13/June/26,,,,302.00,,,,,302.00,3.00,,,,3,,
MEGALINE DYEING AND FINISHING HOUSE,LINEN LOWER,11691,1288,25/Jun/26,OLIVE,,,"1,375.00",,,,,"1,375.00",16,,,,16,,
MEGALINE DYEING AND FINISHING HOUSE,T-SHIRT R/N RFD,11769/BAG LOT NO.8,1278,18/Jun/26,BLACK,,,316.00,,,,,316.00,3.00,,,,3,,
MEGALINE DYEING AND FINISHING HOUSE,T-SHIRT R/N RFD,11779/ BAG LOT 7,1286,24/June/26,RFD,,,302.00,,,,,302.00,3,,,,3,,
MEGALINE DYEING AND FINISHING HOUSE,SHIRT (LILEN),11690,1288,25/Jun/26,OLIVE,,,"1,366.00",,,,,"1,366.00",15,,,,15,,
MEGALINE DYEING AND FINISHING HOUSE,T-SHIRT R/N RFD,11768/BAG LOT NO.5,1265,13/Jun/26,,,,308,,,,,308,3,,,,3,,
MEGALINE DYEING AND FINISHING HOUSE,T-SHIRT R/N RFD,11768/BAG LOT NO.8,1265,13/Jun/26,,,,304,,,,,304,3,,,,3,,
MEGALINE DYEING AND FINISHING HOUSE,T-SHIRT R/N RFD,11779/ BAG LOT 2,1286,24/Jun/26,RFD,,,303.00,,,,,303.00,3,,,,3,,
MEGALINE DYEING AND FINISHING HOUSE,T-SHIRT R/N RFD,11759/2/8 COLOUR,1241,26/May/26,,,,-311.00,,,,,-311.00,-3.00,,,,-3,,
MEGALINE DYEING AND FINISHING HOUSE,T-SHIRT R/N RFD,11770/BAG LOT NO.4A,1278,18/Jun/26,GREY,,,309,,,,,309,3,,,,3,,
MEGALINE DYEING AND FINISHING HOUSE,T-SHIRT R/N RFD,11768/BAG LOT NO.2,1265,13-Jun-26,,,,305,,,,,305,3,,,,3,,
MEGALINE DYEING AND FINISHING HOUSE,T-SHIRT R/N RFD,11767/BAG LOT NO.6,1278,18/Jun/26,GREY,,,317.00,,,,,317.00,3,,,,3,,
MEGALINE DYEING AND FINISHING HOUSE,T-SHIRT R/N RFD,11779/ BAG LOT 1,1286,24/June/26,RFD,,,307.00,,,,,307.00,3,,,,3,,
MEGALINE DYEING AND FINISHING HOUSE,T-SHIRT R/N RFD,11767/BAG LOT NO.2,1278,18-Jun-26,BLACK,,,304.00,,,,,304.00,3,,,,3,,
MEGALINE DYEING AND FINISHING HOUSE,T-SHIRT R/N RFD,11769/BAG LOT NO.9,1265,13-Jun-26,,,,304.00,,,,,304.00,3.00,,,,3,,
MOHIT HOSIERY,FABRIC DUMMY,1234,401,30-Nov-23,,,,400,,,,,400,40,,,,40,,
P.S KNITWEARS,YARN 2/20 COTTON DYED,10638,1075,22-Aug-25,OFF WHITE,,,166.20,,,,,166.20,4,,,,4,,
P.S KNITWEARS,YARN 2/20 COTTON DYED,10469,1075,22-Aug-25,D.GREEN,,,151.60,,,,,151.60,4.00,,,,4,,
P.S KNITWEARS,YARN 2/20 COTTON DYED,10826,1074,26-Jun-25,OFF WHITE,,,63.90,,,,,63.90,2,,,,2,,
P.S KNITWEARS,YARN 2/20 COTTON DYED,14683A,1279,19-Jun-26,DK NAVY,,,116.72,,,,,116.72,4,,,,4,,
P.S KNITWEARS,YARN 2/20 COTTON DYED,14683,1013,8-Oct-25,D.NAVY,,,141.80,,,,,141.80,4,,,,4,,
P.S KNITWEARS,YARN 2/20 COTTON DYED,10360,1075,22-Aug-25,BLACK,,,132.20,,,,,132.20,4,,,,4,,
P.S KNITWEARS,YARN 2/20 COTTON DYED,10496,1279,19-Jun-26,DK NAVY,,,95.10,,,,,95.10,3.00,,,,3,,
P.S KNITWEARS,YARN 2/20 COTTON DYED,10445,1279,19-Jun-26,RED,,,44.57,,,,,44.57,1,,,,1,,
P.S KNITWEARS,YARN 2/20 COTTON DYED,10331,1013,08-Oct-25,CAMEL,,,131.50,,,,,131.50,4,,,,4,,
P.S KNITWEARS,YARN 2/20 COTTON DYED,10225,1279,19-Jun-26,BLACK,,,110.07,,,,,110.07,4,,,,4,,
P.S KNITWEARS,YARN 2/20 COTTON DYED,10306A,1279,19-Jun-26,BLACK,,,247.24,,,,,247.24,8,,,,8,,
P.S KNITWEARS,YARN 2/20 COTTON DYED,14706,1013,08-Oct-25,D.RED,,,145.90,,,,,145.90,4,,,,4,,
RAMAL FABRICS,RIB 1/1,MH-3110.,871,27-Feb-25,CAMEL,,,19.12,,,,,19.12,1.00,,,,1,,
SANGITA COLLECTION,FABRIC MH UK LYCRA,JO-230,1245,29-May-26,MIX,,,65.22,,,,,65.22,2,,,,2,,
SANGITA COLLECTION,FABRIC TWILL TERRY,JO-253,1268,15-Jun-26,MIX,,,22.62,,,,,22.62,1,,,,1,,
SANGITA COLLECTION,FABRIC MH TWILL PRINT,JO-230,1245,29-May-26,MIX,,,52.34,,,,,52.34,1,,,,1,,
SANGITA COLLECTION,FABRIC MH SINKER,JO-235,1250,4-Jun-26,WHITE,,,24.58,,,,,24.58,1.00,,,,1,,
SANGITA COLLECTION,FABRIC ROAD STAR,JO-253,1268,15-Jun-26,MIX,,,25.70,,,,,25.70,1.00,,,,1,,
SANGITA COLLECTION,FABRIC SINKER,JO-255,1270,16-Jun-26,MIX,,,11.12,,,,,11.12,1.00,,,,1,,
SANGITA COLLECTION,FABRIC,JO-254,1269,16-Jun-26,MIX,,,75.14,,,,,75.14,3.00,,,,3,,
SANGITA COLLECTION,FABRIC SWASTICK MATTY,JO-244,1259,10-Jun-26,OLIVE,,,45.66,,,,,45.66,1.00,,,,1,,
SUNSHINE DYEING,FABRIC MH HEAVY COTTON,MH-3832,1023,18-Oct-25,ROYAL,ROYAL,,52.00,,,,,52.00,2.00,,,,2,,
SUNSHINE DYEING,RIB 1/1,JO-267,1282,22-Jun-26,,,,1,,,,,1,1,,,,1,,
SUNSHINE DYEING,RIB 1/1,MH-1804,671,4-May-24,,,,34.55,,,,,34.55,2,,,,2,,
VIJAY TEXTILES,COLLAR TAPE,JO-174,1190,30-Mar-26,BLACK,,,20.00,,,,,20.00,1,,,,1,,
VIJAY TEXTILES,POLY LYCRA S/J,24880,1186,27-Mar-26,B.GREEN,,,106.36,,,,,106.36,5,,,,5,,
VIJAY TEXTILES,POLY LYCRA S/J,24877,1186,27-Mar-26,WHITE,,,103.52,,,,,103.52,5.00,,,,5,,
VIJAY TEXTILES,POLY LYCRA S/J,24879,1186,27-Mar-26,M.GREY,,,103.34,,,,,103.34,5.00,,,,5,,
VIJAY TEXTILES,POLY RICE KNIT,24907,1186,27-Mar-26,GREY,,,113.22,,,,,113.22,5,,,,5,,
VIJAY TEXTILES,POLY RICE KNIT,24878,1186,27-Mar-26,BEIGE,,,111.14,,,,,111.14,5.00,,,,5,,
VIJAY TEXTILES,POLY LYCRA S/J,24893,1186,27-Mar-26,ROYAL,,,104.82,,,,,104.82,5.00,,,,5,,
VIJAY TEXTILES,POLY LYCRA S/J,24892,1186,27-Mar-26,BLACK,,,211.74,,,,,211.74,10,,,,10,,
VIJAY TEXTILES,POLY RICE KNIT,24893,1186,27-Mar-26,ROYAL,,,117.42,,,,,117.42,5.00,,,,5,,
VIJAY TEXTILES,POLY LYCRA S/J,24882,1186,27-Mar-26,NAVY,,,104.84,,,,,104.84,5.00,,,,5,,
VIJAY TEXTILES,POLY LYCRA S/J,24881,1186,27-Mar-26,GREY,,,105.44,,,,,105.44,5.00,,,,5,,
VIJAY TEXTILES,POLY RICE KNIT,24880,1186,27-Mar-26,B.GREEN,,,106.32,,,,,106.32,5.00,,,,5,,
VIJAY TEXTILES,POLY RICE KNIT,MH-4020,1186,27-Mar-26,BLACK,,,124.04,,,,,124.04,5,,,,5,,
VIJAY TEXTILES,POLY LYCRA S/J,24878,1186,27-Mar-26,BEIGE,,,104.98,,,,,104.98,5.00,,,,5,,
VIJAY TEXTILES,POLY RICE KNIT,MH-4061,1186,27-Mar-26,NAVY,,,73.92,,,,,73.92,3,,,,3,,
VIJAY TEXTILES,POLY RICE KNIT,MH-4072,1186,27-Mar-26,WHITE,,,98.32,,,,,98.32,4.00,,,,4,,
VIJAY TEXTILES,POLY RICE KNIT,JO-214,1230,14-May-26,GREY,,,40.36,,,,,40.36,2,,,,2,,
G.Tot,,,0,0,,,,"69,726.12",0,"2,051.40",106.46,38.38,"67,674.72","2,078.00",0,78,78,"2,000",,